text,topic
Explain SDLC,SDLC
What is SDLC?,SDLC
Define SDLC,SDLC
Give an example of SDLC,SDLC
Why is SDLC important?,SDLC
Advantages of SDLC,SDLC
Disadvantages of SDLC,SDLC
When do we use SDLC?,SDLC
Summarize SDLC,SDLC
Key features of SDLC,SDLC
Explain Agile Model,Agile Model
What is Agile Model?,Agile Model
Define Agile Model,Agile Model
Give an example of Agile Model,Agile Model
Why is Agile Model important?,Agile Model
Advantages of Agile Model,Agile Model
Disadvantages of Agile Model,Agile Model
When do we use Agile Model?,Agile Model
Summarize Agile Model,Agile Model
Key features of Agile Model,Agile Model
Explain Scrum,Scrum
What is Scrum?,Scrum
Define Scrum,Scrum
Give an example of Scrum,Scrum
Why is Scrum important?,Scrum
Advantages of Scrum,Scrum
Disadvantages of Scrum,Scrum
When do we use Scrum?,Scrum
Summarize Scrum,Scrum
Key features of Scrum,Scrum
Explain UML,UML
What is UML?,UML
Define UML,UML
Give an example of UML,UML
Why is UML important?,UML
Advantages of UML,UML
Disadvantages of UML,UML
When do we use UML?,UML
Summarize UML,UML
Key features of UML,UML
Explain Use Case Diagram,Use Case Diagram
What is Use Case Diagram?,Use Case Diagram
Define Use Case Diagram,Use Case Diagram
Give an example of Use Case Diagram,Use Case Diagram
Why is Use Case Diagram important?,Use Case Diagram
Advantages of Use Case Diagram,Use Case Diagram
Disadvantages of Use Case Diagram,Use Case Diagram
When do we use Use Case Diagram?,Use Case Diagram
Summarize Use Case Diagram,Use Case Diagram
Key features of Use Case Diagram,Use Case Diagram
Explain Class Diagram,Class Diagram
What is Class Diagram?,Class Diagram
Define Class Diagram,Class Diagram
Give an example of Class Diagram,Class Diagram
Why is Class Diagram important?,Class Diagram
Advantages of Class Diagram,Class Diagram
Disadvantages of Class Diagram,Class Diagram
When do we use Class Diagram?,Class Diagram
Summarize Class Diagram,Class Diagram
Key features of Class Diagram,Class Diagram
Explain Sequence Diagram,Sequence Diagram
What is Sequence Diagram?,Sequence Diagram
Define Sequence Diagram,Sequence Diagram
Give an example of Sequence Diagram,Sequence Diagram
Why is Sequence Diagram important?,Sequence Diagram
Advantages of Sequence Diagram,Sequence Diagram
Disadvantages of Sequence Diagram,Sequence Diagram
When do we use Sequence Diagram?,Sequence Diagram
Summarize Sequence Diagram,Sequence Diagram
Key features of Sequence Diagram,Sequence Diagram
Explain Software Testing,Software Testing
What is Software Testing?,Software Testing
Define Software Testing,Software Testing
Give an example of Software Testing,Software Testing
Why is Software Testing important?,Software Testing
Advantages of Software Testing,Software Testing
Disadvantages of Software Testing,Software Testing
When do we use Software Testing?,Software Testing
Summarize Software Testing,Software Testing
Key features of Software Testing,Software Testing
Explain Unit Testing,Unit Testing
What is Unit Testing?,Unit Testing
Define Unit Testing,Unit Testing
Give an example of Unit Testing,Unit Testing
Why is Unit Testing important?,Unit Testing
Advantages of Unit Testing,Unit Testing
Disadvantages of Unit Testing,Unit Testing
When do we use Unit Testing?,Unit Testing
Summarize Unit Testing,Unit Testing
Key features of Unit Testing,Unit Testing
Explain Integration Testing,Integration Testing
What is Integration Testing?,Integration Testing
Define Integration Testing,Integration Testing
Give an example of Integration Testing,Integration Testing
Why is Integration Testing important?,Integration Testing
Advantages of Integration Testing,Integration Testing
Disadvantages of Integration Testing,Integration Testing
When do we use Integration Testing?,Integration Testing
Summarize Integration Testing,Integration Testing
Key features of Integration Testing,Integration Testing
Explain System Testing,System Testing
What is System Testing?,System Testing
Define System Testing,System Testing
Give an example of System Testing,System Testing
Why is System Testing important?,System Testing
Advantages of System Testing,System Testing
Disadvantages of System Testing,System Testing
When do we use System Testing?,System Testing
Summarize System Testing,System Testing
Key features of System Testing,System Testing
Explain Version Control,Version Control
What is Version Control?,Version Control
Define Version Control,Version Control
Give an example of Version Control,Version Control
Why is Version Control important?,Version Control
Advantages of Version Control,Version Control
Disadvantages of Version Control,Version Control
When do we use Version Control?,Version Control
Summarize Version Control,Version Control
Key features of Version Control,Version Control
Explain Software Maintenance,Software Maintenance
What is Software Maintenance?,Software Maintenance
Define Software Maintenance,Software Maintenance
Give an example of Software Maintenance,Software Maintenance
Why is Software Maintenance important?,Software Maintenance
Advantages of Software Maintenance,Software Maintenance
Disadvantages of Software Maintenance,Software Maintenance
When do we use Software Maintenance?,Software Maintenance
Summarize Software Maintenance,Software Maintenance
Key features of Software Maintenance,Software Maintenance
